<images>
  <image name="Aisaka Taiga">
    <source>http://myanimelist.net/character/12064/Taiga_Aisaka</source>
    <fullname>Taiga Aisaka</fullname>
    <align>right</align>
  </image>
  <image name="Araragi Karen">
    <source>http://myanimelist.net/character/24194/Karen_Araragi</source>
    <fullname>Karen Araragi</fullname>
    <align>left</align>
  </image>
  <image name="Eila Ilmatar Juutilainen">
    <source>http://myanimelist.net/character/7631/Eila_Ilmatar_Juutilainen</source>
    <fullname>Eila Ilmatar Juutilainen</fullname>
    <align>left</align>
  </image>
  <image name="Futaba Aoi">
    <source>http://myanimelist.net/character/33423/Aoi_Futaba</source>
    <fullname>Aoi Futaba</fullname>
    <align>center</align>
  </image>
  <image name="Gokou Ruri">
    <source>http://myanimelist.net/character/31008/Ruri_Gokou</source>
    <fullname>Ruri Gokou</fullname>
    <align>center</align>
  </image>
  <image name="Hatsuse Karila">
    <source>http://myanimelist.net/character/80523/Karila_Hatsuse</source>
    <fullname>Karila Hatsuse</fullname>
    <align>right</align>
  </image>
  <image name="Ika Musume">
    <source>http://myanimelist.net/character/20512/Ika_Musume</source>
    <fullname>Ika Musume</fullname>
    <align>left</align>
  </image>
  <image name="Kashiwazaki Sena">
    <source>http://myanimelist.net/character/37514/Kashiwazaki_Sena</source>
    <fullname>Sena Kashiwazaki</fullname>
    <align>right</align>
  </image>
  <image name="Kimara Kaere">
    <source>http://myanimelist.net/character/3768/Kaere_Kimura</source>
    <fullname>Kaere Kimura</fullname>
    <align>center</align>
  </image>
  <image name="Kujou Rin">
    <source>http://myanimelist.net/character/21694/Rin_Kujou</source>
    <fullname>Rin Kujou</fullname>
    <align>left</align>
  </image>
  <image name="Kurousagi">
    <source>http://myanimelist.net/character/69441/Kurousagi</source>
    <fullname>Kurousagi "Black Rabbit"</fullname>
    <align>center</align>
  </image>
  <image name="Kuroyukihime">
    <source>http://myanimelist.net/character/46305/Kuroyukihime</source>
    <fullname>Kuroyukihime</fullname>
    <align>left</align>
  </image>
  <image name="Lamdimia Do Aximemor">
    <source>http://myanimelist.net/character/93031/Lamdimia_Do_Aximemor</source>
    <fullname>Lamdimia Do Aximemor</fullname>
    <align>right</align>
  </image>
  <image name="Mizuno Kaede">
    <source>http://myanimelist.net/character/24237/Kaede_Mizuno</source>
    <fullname>Kaede Mizuno</fullname>
    <align>right</align>
  </image>
  <image name="Ookami Ryouko">
    <source>http://myanimelist.net/character/31505/Ryouko_Ookami</source>
    <fullname>Ryouko Ookami</fullname>
    <align>right</align>
  </image>
  <image name="Oshino Shinobu">
    <source>http://myanimelist.net/character/23602/Shinobu_Oshino</source>
    <fullname>Oshino Shinobu</fullname>
    <align>center</align>
  </image>
  <image name="Rias Gremory">
    <source>http://myanimelist.net/character/50389/Gremory_Rias</source>
    <fullname>Rias Gremory</fullname>
    <align>right</align>
  </image>
  <image name="Sengoku Nadeko">
    <source>http://myanimelist.net/character/22050/Sengoku_Nadeko</source>
    <fullname>Nadeko Sengoku</fullname>
    <align>left</align>
  </image>
  <image name="Shimapan">
    <fullname>Shimapan</fullname>
    <align>center</align>
  </image>
  <image name="Shinouji Matsurika">
    <source>http://myanimelist.net/character/13870/Shinouji_Matsurika</source>
    <fullname>Matsurika Shinouji</fullname>
    <align>center</align>
  </image>
  <image name="Touwa Erio">
    <source>http://myanimelist.net/character/36074/Touwa_Erio</source>
    <fullname>Erio Touwa</fullname>
    <align>left</align>
  </image>
  <image name="Tsutsukakushi Tsukiko">
    <source>http://myanimelist.net/character/42469/Tsukiko_Tsutsukakushi</source>
    <fullname>Tsutsukakushi Tsukiko</fullname>
    <align>right</align>
  </image>
  <image name="Usami Masamune">
    <source>http://myanimelist.net/character/41375/Usami_Masamune</source>
    <fullname>Masamune Usami</fullname>
    <align>center</align>
  </image>
  <image name="Yuuki Mikan">
    <source>http://myanimelist.net/character/7806/Mikan_Yuuki</source>
    <fullname>Mikan Yuuki</fullname>
    <align>center</align>
  </image>
  <image name="Zakuro">
    <source>http://myanimelist.net/character/33444/Zakuro</source>
    <fullname>Zakuro </fullname>
    <align>center</align>
  </image>
</images>
