<songs>
	<song name="gramatik">
	  <title>Gramatik - Pardon My French</title>
      <source>http://www.youtube.com/watch?v=prKcfUEhbS0</source>
	  <rhythm>x|oxo.x.o.x.o.x:.o|-o.x.o.x.o.x.x|oxo.x.o.x.o.x:.-----ox:x:x:x:.x|oxo..x:x:x:x:*.o|-o.x.x.x.xo:.</rhythm>
	</song>
	<song name="staycrunchy">
	  <title>Ronald Jenkees - Stay Crunchy (Wolf-e-Wolf Remix)</title>
      <source>http://www.youtube.com/watch?v=P-8FxmtFVTs</source>
	  <rhythm>x...|...o..|..x..x...x|oxxxxx-.x...|...o...|...x.:.x.:.oxxxx-:.x...|...o...|..x..x...x|o:::::-.x...|...o...|...x.:.x.:.o::::x...</rhythm>
	  <buildup>staycrunchy_bu</buildup>
	  <buildupRhythm>xxxxxxxxxxxxxxxx-.....x....+....</buildupRhythm>
	</song>
	<song name="cairo">
	  <title>Kamp! - Cairo</title>
      <source>http://www.youtube.com/watch?v=jooGlIAvDRE</source>
	  <rhythm>x...o...x.:.|...x...o...x..:|...x...o...x...|...x...o...x..x|:..</rhythm>
	</song>
	<song name="madeon">
	  <title>Madeon - Cut The Kid</title>
	  <rhythm>x...o.x...|.|.o.:...o.x...|.|.o.:...o.x...|.|.o.:...o.x.....o...</rhythm>
      <source>http://www.youtube.com/watch?v=Ih-izudb6Uo</source>
	  <buildup>madeon_bu</buildup>
	  <buildupRhythm>.*......*:::*.*...*.*..+</buildupRhythm>
	</song>
	<song name="hello_world">
	  <title>Nhato - Hello World</title>
      <source>http://www.youtube.com/watch?v=cSavx8xgrbU</source>
	  <rhythm>|....o.....o.....x.o...+......x----x.+.....o.+.....x.+.....o.+.....x.+.....o.+.....x.+.....o.-.-.-.x.+.....o.+.....x.+.....o-......x.+.....o.+.....x.+.....o-------x.+.....o.+.....x.+.....o.+.....x.+.....o.+.....x.+.....o.-.-.-.x.+.....o.+.....x.+.....o.+..</rhythm>
	</song>
</songs>
