<songs>
  <song name="loop_BrokenMirror">
    <title>Buckethead - Broken Mirror</title>
    <source>http://www.youtube.com/watch?v=YTWbRCFV7K0</source>
    <rhythm>o...x..o.oo.x...o...x..o.oo.xo.oo...x..o.oo.x...o...x..o.oo.xo.xo..ox...o.o.xo..o...x..o..o.xo..o..ox..o.oo.x...o..ox..o.oo.xo--</rhythm>
    <buildup>build_BrokenMirror</buildup>
    <buildupRhythm>:...............................</buildupRhythm>
  </song>
  
  <song name="loop_GoldenEyes">
    <title>Buckethead - Golden Eyes</title>
    <source>http://www.youtube.com/watch?v=YTWbRCFV7K0</source>
    <rhythm>o.:.:...xoo.:...o...:...xox.:o.oo...:...xoo.:...o...:...xox.:o.oo...:...xox.:...o...:...+.......o...:...xoo.:...o...:...xxo.:o.oo...:...xoo.:...o...:...xoo.:o.oo...:...xoo.:...o...:...xoo.:o.oo...:...xoo.:...o...:...xoo.:o.oo...:...xox.:.:.o.xxo---xxxx-o-o</rhythm>
  </song>
  
  <song name="loop_EerieCanal">
    <title>Buckethead - Eerie Canal</title>
    <source>http://www.youtube.com/watch?v=YTWbRCFV7K0</source>
    <rhythm>::::x:::::::x:::::::x:::::::x:::::::x:::::::x:::::::x:::::::x:::::::x:::::::x:::::::x:::::::x:::x:::::x:::::x:::x:x:x:x:x:x:x:x:</rhythm>
    <buildup>build_EerieCanal</buildup>
    <buildupRhythm>o...o...x.o.....o...o...x.o...o.o...o...x.o...o.x.o...o.x.x.x.x.o...o...x.o...o.o.x.....x.o...o.x.o...o.x.o...o.x...x.x.o.o.x.x.</buildupRhythm>
  </song>
  
  <song name="loop_MausoleumDoor">
    <title>Buckethead - Mausoleum Door</title>
    <source>http://www.youtube.com/watch?v=YTWbRCFV7K0</source>
    <rhythm>o...x......ox..+o.o.x.......x..oo...x......ox..+o.o.x.......x..oo...x......ox..+o.o.x.......x..oo...x......ox..+o.o.x.......x..o</rhythm>
    <buildup>build_MausoleumDoor</buildup>
    <buildupRhythm>o...............o.o........ox...</buildupRhythm>
  </song>
  
  <song name="loop_AttentionElectricCyclone">
    <title>Buckethead - Attention Electric Cyclone</title>
    <source>http://www.youtube.com/watch?v=mCwRNMj0tJs</source>
    <rhythm>o.....x.o.....x.o...o.x...o.o.x.o...o.x.o...o.x.o...o.x.o.x.o.o.o...o.x.o...o.x.o...o.x.o.o.o.x.o...o.x.o.x.o.o.x...x.x.-.-.x.-.o...o.x.o...o.x.o.o...x.o.o.o.x.o...o.x.o...o.x.o...o.x.o.|.|.|.o...o.x.o...o.x.o...o.x.o.o.o.x.o...o.x...x.o.-.x.x.-.-.x.x.-.-.</rhythm>
    <buildup>build_AttentionElectricCyclone</buildup>
    <buildupRhythm>o:::::|.x:o:::x.........x.......o:::::|.x:o:::+.................</buildupRhythm>
  </song>
  
  <song name="loop_MySheeetz">
    <title>Buckethead - My Sheeetz</title>
    <source>http://www.youtube.com/watch?v=YTWbRCFV7K0</source>
    <rhythm>o..ox.o.o..ox.o.o..ox.o.o..ox.o.o..ox.o.o..ox.o.o..ox.o.o..ox.o.o..ox.o.o..ox.o.o..ox.o.o..ox.o.o..ox.o.o..ox.o.o..ox.o.o..ox.o.o..ox.o.o..ox.o.o..ox.o.o..ox.o.o..ox.o.o..ox.o.o..ox.o.o..ox.o.o..ox.o.o..ox.o.o..ox.o.o..ox.o.o..ox.o.o..ox.o.o..ox.o.o..ox.o.o..ox.o.o..ox.o.o..ox.o.o..ox.o.o..ox.o.o..ox.o.o..ox.o.o..ox.o.</rhythm>
  </song>
  
  <song name="loop_ThePitPart5">
    <title>Buckethead - The Pit part 5</title>
    <source>http://www.youtube.com/watch?v=YTWbRCFV7K0</source>
    <rhythm>‑‑‑‑‑‑‑...x....‑‑‑‑‑‑‑...x....ooooxoo...x....oooooox...x....ooooxoo...x....oooooox...x....xxxxxxx...x....xxxxxxx...+....o::.x.o.:::.x.o..:::.x.o.:::.x.o..:::.x.o.:::.x.o..:::.x.o.:::.x.o..:::.x.o.:::.x.o..:::.x.o.:::.x.o..:::.x.o.:::.x.o..:::.x.o..:::.x.o.</rhythm>
  </song>
  
  <song name="loop_CastleOfDrCadaver">
    <title>Buckethead - Castle of Dr. Cadaver</title>
    <source>http://www.youtube.com/watch?v=ynXhILOWmVI</source>
    <rhythm>o...:...x.:.-.:.o...:...x.:.-.:.o...:..ox.:.-.:.o..o:.o.x..x..||o...:...x.:.-.:.o...:...x.:.-.:.o...:...x.:.-.:.o...:...x.o.||||+.......x+..x+..o+..x+..x.:.x+..o+..x+..x+..x+..o...:...x.:.:.::o+..x+..x+..x+..o+..x+..x+..x+..o+..x+..x+..x+..o...:...x.:.:.::</rhythm>
    <buildup>build_CastleOfDrCadaver</buildup>
    <buildupRhythm>o.......x.......o.......x.......o.......x.......o....:...:...+...</buildupRhythm>
  </song>
  
  <song name="loop_Whitewash">
    <title>Buckethead - Whitewash</title>
    <source>http://www.youtube.com/watch?v=YTWbRCFV7K0</source>
    <rhythm>oo..x.oo....x...oo..x.oo....x...oo..x.oo....x...oo..x.oo....x...oo..x.oo....x...oo..x.oo....x...oo..x.oo....x...oo..x.oo....x...oo..x.oo....x...oo..x.oo....x...oo..x.oo....x...oo..x.oo....x...oo..x.oo....x...oo..x.oo....x...oo..x.oo....x...oo..x.oo....x...</rhythm>
  </song>
  
  <song name="loop_Fembot">
    <title>Buckethead - Fembot</title>
    <source>http://www.youtube.com/watch?v=-hrpU1nxsbc</source>
    <rhythm>o.....o.x...o.....o...o.x...o...o.....o.x...o...o.....o...o.o.o.o.....o.x...o.....o...o.x...o...o.....o.x...o...o.....o...-.o.-.o.....o.x...x.....o...o.x...o...o.....o.x...o...o.....o.x.o...-.o.....o.x...o.....o...o.x...o...o.....o.x.o.x...o.....o.........o.....o.x...o.....o...o.x...o...o.....o.x...o...o.....o...o.o.o.o.....o.x...o.....o...o.x...o...o.....o.x...o...o.....o...-.o.-.</rhythm>
    <buildup>build_Fembot</buildup>
    <buildupRhythm>o..x...o...o.....o.x.o.x...o.....o.........</buildupRhythm>
	</song>
</songs>