<images>
  <image name="Calne Ca">
    <source>http://vocaloid.wikia.com/wiki/Calne_Ca</source>
    <fullname>...</fullname>
    <align>center</align>
  </image>

  <image name="Chiri Kitsu">
    <source>https://myanimelist.net/character/3745/Chiri_Kitsu</source>
    <fullname>...</fullname>
    <align>right</align>
  </image>

  <image name="Cirno">
    <source>https://myanimelist.net/character/24891/Cirno</source>
    <fullname>...</fullname>
    <align>center</align>
  </image>

  <image name="Cyclops01">
    <source></source>
    <fullname>...</fullname>
    <align>center</align>
  </image>

  <image name="Cyclops02">
    <source></source>
    <fullname>...</fullname>
    <align>center</align>
  </image>

  <image name="Cyclops03">
    <source></source>
    <fullname>...</fullname>
    <align>right</align>
  </image>

  <image name="Cyclops04">
    <source></source>
    <fullname>...</fullname>
    <align>left</align>
  </image>

  <image name="Cyclops05">
    <source></source>
    <fullname>...</fullname>
    <align>center</align>
  </image>

  <image name="Cyclops06">
    <source></source>
    <fullname>...</fullname>
    <align>center</align>
  </image>

  <image name="Cyclops07">
    <source></source>
    <fullname>...</fullname>
    <align>center</align>
  </image>

  <image name="Cyclops08">
    <source></source>
    <fullname>...</fullname>
    <align>center</align>
  </image>

  <image name="Cyclops09">
    <source></source>
    <fullname>...</fullname>
    <align>center</align>
  </image>

  <image name="Cyclops10">
    <source></source>
    <fullname>...</fullname>
    <align>center</align>
  </image>

  <image name="Cyclops11">
    <source></source>
    <fullname>...</fullname>
    <align>center</align>
  </image>

  <image name="Cyclops12">
    <source></source>
    <fullname>...</fullname>
    <align>center</align>
  </image>

  <image name="Cyclops13">
    <source></source>
    <fullname>...</fullname>
    <align>center</align>
  </image>

  <image name="Cyclops14">
    <source></source>
    <fullname>...</fullname>
    <align>center</align>
  </image>

  <image name="Cyclops15">
    <source></source>
    <fullname>...</fullname>
    <align>center</align>
  </image>

  <image name="Cyclops16">
    <source></source>
    <fullname>...</fullname>
    <align>center</align>
  </image>

  <image name="Cyclops17">
    <source></source>
    <fullname>...</fullname>
    <align>center</align>
  </image>

  <image name="Cyclops18">
    <source></source>
    <fullname>...</fullname>
    <align>center</align>
  </image>

  <image name="Cyclops19">
    <source></source>
    <fullname>...</fullname>
    <align>right</align>
  </image>

  <image name="Cyclops20">
    <source></source>
    <fullname>...</fullname>
    <align>center</align>
  </image>

  <image name="Cyclops21">
    <source></source>
    <fullname>...</fullname>
    <align>center</align>
  </image>

  <image name="Cyclops22">
    <source></source>
    <fullname>...</fullname>
    <align>center</align>
  </image>

  <image name="Cyclops23">
    <source></source>
    <fullname>...</fullname>
    <align>center</align>
  </image>

  <image name="Cyclops24">
    <source></source>
    <fullname>...</fullname>
    <align>center</align>
  </image>

  <image name="Cyclops25">
    <source></source>
    <fullname>...</fullname>
    <align>center</align>
  </image>

  <image name="Cyclops26">
    <source></source>
    <fullname>...</fullname>
    <align>center</align>
  </image>

  <image name="Cyclops27">
    <source></source>
    <fullname>...</fullname>
    <align>center</align>
  </image>

  <image name="Cyclops28">
    <source></source>
    <fullname>...</fullname>
    <align>center</align>
  </image>

  <image name="Cyclops29">
    <source></source>
    <fullname>...</fullname>
    <align>right</align>
  </image>

  <image name="Cyclops30">
    <source></source>
    <fullname>...</fullname>
    <align>center</align>
  </image>

  <image name="Cyclops31">
    <source></source>
    <fullname>...</fullname>
    <align>center</align>
  </image>

  <image name="Koishi Komeiji">
    <source>https://myanimelist.net/character/40016/Koishi_Komeiji</source>
    <fullname>...</fullname>
    <align>center</align>
  </image>

  <image name="Koishi Monster">
    <source>https://myanimelist.net/character/40016/Koishi_Komeiji</source>
    <fullname>...</fullname>
    <align>center</align>
  </image>

  <image name="Kuchisake-Onna">
    <source>https://www.youtube.com/watch?v=5wV3BVuozYM</source>
    <fullname>...</fullname>
    <align>right</align>
  </image>

  <image name="Kyubey">
    <source>https://myanimelist.net/character/38566/Kyuubey</source>
    <fullname>...</fullname>
    <align>center</align>
  </image>

<!--   <image name="O1">
    <source></source>
    <fullname>...</fullname>
    <align>left</align>
  </image>
 -->
  <image name="O2">
    <source></source>
    <fullname>...</fullname>
    <align>left</align>
  </image>

  <image name="O3">
    <source></source>
    <fullname>...</fullname>
    <align>right</align>
  </image>

  <image name="O4">
    <source></source>
    <fullname>...</fullname>
    <align>center</align>
  </image>

  <image name="O5">
    <source></source>
    <fullname>...</fullname>
    <align>left</align>
  </image>

  <image name="O6">
    <source></source>
    <fullname>...</fullname>
    <align>center</align>
  </image>

  <image name="Reimu Behelit">
    <source>https://myanimelist.net/character/5443/Reimu_Hakurei</source>
    <fullname>...</fullname>
    <align>center</align>
  </image>

  <image name="Reimu Creature">
    <source>https://myanimelist.net/character/5443/Reimu_Hakurei</source>
    <fullname>...</fullname>
    <align>center</align>
  </image>

  <image name="Reimu Hakurei">
    <source>https://myanimelist.net/character/5443/Reimu_Hakurei</source>
    <fullname>...</fullname>
    <align>right</align>
  </image>

  <image name="Remilia Scarlet">
    <source>https://myanimelist.net/character/5571/Remilia_Scarlet</source>
    <fullname>...</fullname>
    <align>right</align>
  </image>

  <image name="Rumia Blood">
    <source>http://touhou.wikia.com/wiki/Rumia</source>
    <fullname>...</fullname>
    <align>right</align>
  </image>

  <image name="Rumia">
    <source>http://touhou.wikia.com/wiki/Rumia</source>
    <fullname>...</fullname>
    <align>right</align>
  </image>

  <image name="Rust">
    <source></source>
    <fullname>...</fullname>
    <align>center</align>
  </image>

  <image name="Sadako">
    <source>https://en.wikipedia.org/wiki/Sadako_Yamamura</source>
    <fullname>...</fullname>
    <align>center</align>
  </image>

  <image name="Saya">
    <source>https://en.wikipedia.org/wiki/Saya_no_Uta</source>
    <fullname>...</fullname>
    <align>left</align>
  </image>

  <image name="Satsuki Yumizuka">
    <source>https://myanimelist.net/character/3263/Satsuki_Yumizuka</source>
    <fullname>...</fullname>
    <align>left</align>
  </image>

  <image name="Shiteyan'yo">
    <source>http://fanloid.wikia.com/wiki/Shiteyan'yo</source>
    <fullname>...</fullname>
    <align>center</align>
  </image>

  <image name="Suwako Moriya">
    <source>https://myanimelist.net/character/20329/Suwako_Moriya</source>
    <fullname>...</fullname>
    <align>center</align>
  </image>

  <image name="Yamame Kurodani">
    <source>http://touhou.wikia.com/wiki/Yamame_Kurodani</source>
    <fullname>...</fullname>
    <align>center</align>
  </image>

  <image name="Yuuka Kazami">
    <source>https://myanimelist.net/character/90047/Yuuka_Kazami</source>
    <fullname>...</fullname>
    <align>right</align>
  </image>
</images>
