<songs>
  <song name="loop_NightCrawler">
    <title>Happy Halloween</title>
    <source>https://www.youtube.com/watch?v=Ed113wD5IxM</source>
    <rhythm>OOOOi..~..¤.....................IOOOi..~..¤.....................IOOOi..~..¤.....................IOOOi..~..¤.....................IOOOi..~.¤......IOOOi..~.¤......IOOOi..~.¤......IOOOi..~.¤......IOOOi..~.¤......IOOOi..~.¤......IOOOi..~.¤......IOOOi..~.¤.......oOOO:.~.¤-..¤-..¤-..¤-..¤-..¤-..¤-OOOO.¤-..¤-..¤-..¤-...¤-..¤-..¤-..¤-OOOO¤-..¤-..¤-..¤-..¤-..¤-..¤-..OOOO.¤-..¤-..¤-..¤-..¤-..¤-..¤-..¤.IOOOO~..+.........................................................................................oOOOi..~..¤................................................................................................................................I</rhythm>
    <buildup>build_NightCrawler</buildup>
    <buildupRhythm>OOOOi..~..¤.......................................................................................................................................................................................................................................................................................I</buildupRhythm>
  </song>
  
  <song name="loop_Dragonfly">
    <title>Happy Halloween</title>
    <source>https://www.youtube.com/watch?v=AwkazYpvge4</source>
    <rhythm>o.:.:.....~o.-.-..:.:...I.i...o.:.:.~.*...~o..i...i.:.....o.o.~.o.~.......~o.-.-..:.:...I.i...o.:.:.~.=...~o..i...i.:.....o.o.~.</rhythm>
    <buildup>build_Dragonfly</buildup>
    <buildupRhythm>+...........................................................................................................................................................................................................................................o.i...i.:.....-.-.~.</buildupRhythm>
  </song>
  
  <song name="loop_Room333">
    <title>Happy Halloween</title>
    <source>https://www.youtube.com/watch?v=HHPphdzp_k8</source>
    <rhythm>I~......*.......*.......*........*......=.......*......=........*.||||||||....||||||||||||-|-|-|.........*........*.....:.*.......*.......*........:.¤....||||||||...*....||||=......*........*......*....=.....*......*....|||||||||||.*X......*...=......*.....=.......*.......=........||||||||=.......*.......=......x.¤..............||||||||||||......||||||.||.........*.......*.....O.*...*...O.~......*.....:.=.......*........=.......*........*.....=.......*......=.......*...||||||||.*..|||||||||||||.|.|.:.:.:.:.:.*.:.:.¤.*.:.:.:.*.:.:.:.*.......*.......*......*||||||||..*......||=......*........*.......*....=...*.......*.....|||||||||||.¤......*...=......*.......=......*......=.......*.||||||||=......*.......=.......*..........*.....||||||||||||*.....||||||||..........*........*.......*.......*.......*......i.</rhythm>
    <buildup>build_Room333</buildup>
    <buildupRhythm>+++...............................................................................................................................................................................................................................................................................................................................................................................................................................................................................................................................................................................</buildupRhythm>
  </song>
  
  <song name="loop_SwedishRhapsody">
    <title>Happy Halloween</title>
    <source>https://www.youtube.com/watch?v=GUQUD3IMbb4</source>
    <rhythm>-...:.:.-...:.:.-.:...x....x....:...x...-....:...:...x...x....:...:...o...:.:.-...:.:.-.:....x...x...:.....-....*.**.*....:...-...-.:.:.:.:.:.:.:.-...-...=.............¤...............:+¤...-...:.:.-...:.:.-.:...x....x....:...x...-....:...:...x...x....:...:...o...:.:.-...:.:.-.I....x...x...:..¤..I....*.**.*....:...-...-.:.:.:.:.:.:.:.-...-...=.............¤...............:+¤...-...:.:.-...:.:.-.:...x....x....:...x...-....:...:...x...x....:...:...o...:.:.-...:.:.-.:....x...x...:.....-....*.**.*....:...-...-.:.:.:.:.:.:.:.-...-...=.............¤.................|.¤.......+.¤.....+.¤.......+.¤.......+.¤...............+.¤.......+.¤.....|.¤.....+.¤.......+.¤.......|.¤.......+.¤.....+.¤.......+.¤.......+.¤...............+.¤.......+.¤.....|.¤.....+.¤.......+.¤...............:+¤...</rhythm>
    <buildup>build_SwedishRhapsody</buildup>
    <buildupRhythm>+............................¤.......+....................................¤.......+.....................................¤.......+....................................¤.......+.....................................¤.......+....................................¤.......+....................................¤.......+........................................:+¤...</buildupRhythm>
  </song>
  
  <song name="loop_DescendWithDemons">
    <title>Happy Halloween</title>
    <source>https://www.youtube.com/watch?v=uqSGrLGhZMI</source>
    <rhythm>x.+.................o:.~....................................+.=......................................+.=...........~.................................-~..O+.......+.-~..O+...........-~..O+................................................+.x~.......................................+.=....................................+.|.+.........|~...............+.=..............I.i~......I.i~................I..i~...................I.i+.......0O.+..........0O.+..............0O.+...........oOOO.+.........................................................................x~....O...O....:.¤+..................................................................................................................................................................................|X.+...........</rhythm>
  </song>
  
  <song name="loop_FragileHope">
    <title>Happy Halloween</title>
    <source>https://www.youtube.com/watch?v=W0dPVhPPFhM</source>
    <rhythm>oOOOO~.....o...O~.......********oO~........o...xX~..............o~.........o...O~.......********oO~........o...xX~..............oOOOO~.....o...O~.......********oO~........o...xX~..............o~.........o...O~.......********oO~........o...xX~..............oOOOO~.....o...O~.......********oO~........o...xX~..............o~.........o...O~.......********oO~........o...xX~..............oOOOO~.....o...O~.......********oO~........o...xX~..............X:+.............................................................</rhythm>
    <buildup>build_FragileHope</buildup>
    <buildupRhythm>+++..............................................................................................................................................................................................................................................................</buildupRhythm>
  </song>
  
  <song name="loop_SlaughterZoneExit">
    <title>Happy Halloween</title>
    <source>https://www.youtube.com/watch?v=jsQhkjuU3nA</source>
    <rhythm>+......................................................................................................................................................................................................................=......+......=......+......=......+......=......+......=......+......=...|||||::::::::::::::::::::|||::::::::::::::::::::::::-:::::::::::::::::::::::::::|OO~.......+.....................................................................................................................................I.-.¤.-.¤.-.¤.-.¤.-.¤.-.¤.-.¤.-.¤.-.¤.-.¤.-.¤.-.¤.-.¤.-.¤.-.¤.-.¤.-.¤.-.¤.-.¤.-.¤.-.¤.-.¤.-.¤.-.¤.-.¤.-.¤.-.¤.-.¤.-.¤.-.¤.-.¤.-.¤.-.¤.-.¤.-.¤.-.¤.-.¤.-.¤.-.¤.-.¤.-.¤.-.¤.-.¤.-.¤.-.¤.-.¤.-.¤.-.¤.-.¤.-.¤.-.¤.-.¤.-.¤.-.¤.-.¤.-.¤.-.¤.-.¤.-.¤.-.¤.-.¤.-.¤.-.¤.-.¤.-.¤.-.¤.-.¤.-.¤.-.¤.-.¤.-.¤.-.¤.-.¤.-.¤.-.¤.-.¤.-.¤.-.¤.-.¤.-.¤.-.¤.-|||||¤.-.¤.-.¤.-.¤.-.¤.-.¤.-.¤.-.¤.-.¤.-.¤.-.¤.-.¤.-.¤.-.¤.-.¤.-.¤.-.¤.-.¤.-.¤.-.¤.-.¤.-.¤.-.¤.-.¤.-.¤.-.¤.-.¤.-.¤.-.¤.-.¤.-.¤.-.¤.-.¤.-.¤.-.¤.-.¤.-.¤.-.¤.-.¤.-.¤.-.¤.-.¤.-.¤.-.¤.-.¤.-.¤.-.¤.-.¤.-.¤.-.¤.-.¤.-.¤.-.¤.-.¤.-.¤.-.¤.-.¤.-.¤.-.¤.-.¤.-.¤.-.¤.-.¤.-.¤.-.¤.-.¤.-.¤.-.¤.-.¤.:.¤.:.¤.................................................................................................................................................................................................................................................................................................|OOOOOOOOOOOOOOOOOOOOOOOO||XXXXXXXX|..¤¤...|XXXXXXXXXXX||OOOOOOO¤.....-::::¤¤..........------¤¤.......-:XXXXXXXXXXXXXXXXXXXXX¤¤............-::::::¤¤..............................................................................................................................................................................|XXXXXXXXXXX|..¤¤...|XXXXXXxxxxxxxxxxxxxxxxxxxxxxxxxxx¤¤......|OOOOOOOOOOOOO|XXXXXXXXXXXXXXXXXX||OOOOOOOOOOOOOOOOOOOOOOOOO¤¤....oOOOOOOOOOOOOOOOOOOOOOOOOO|.|=......................|.-|-.-.~..|¤¤...........xXXXXXXXXXXXXXXXXXXXXXXXXXIi¤¤.......|:::::::¤¤...........................................oOOOOOOOOOOOOOOOOOOOOOOOOO|¤¤.....-::¤¤....-::¤¤...-:::¤¤...-:::::¤¤.....-:::::::¤¤....-:::|:::::¤¤...-::|:::::¤¤....-::::|:::::::¤¤.........||¤¤..........-:::::¤¤.-:::::::::::::::::::::¤¤..-::::::::::::::::::::::::::::::::::::¤¤...Ii:::::::::::::::::::::::::::::::::::::::::::::::::::::|¤¤..-::::|||||||||||||||||::::::::::::::::::::::::::::::::::::::::::~......|.~...........¤¤oOOOOOOOO|.-|-.-.~..|¤¤.............................................................................................................................................................................................................................................................................=.....~.....¤¤................................................-:::::¤¤..........................-:::::¤¤....................................................................-::¤¤....-::¤¤...-:::¤¤......-::::::¤¤..-::::::::::::::::::::¤¤...-:::::::::::::::::::::::::::::::::::¤¤..-:::::::::::::::::::::::::::::::::::::::::::::::::::::::::¤¤..-:::::::::::::::::::::::::::::::::::::::::::::::::::::::::::::::::::::::::¤¤|~.........¤¤oOOOOOOOOOO|.-|-.-.~..|¤¤..........................................................Ii¤¤...............Ii¤¤................oOOOOOO¤¤oOOOOOOOOOO|OOOOOOOOOOOOOOoOOOOoOoOOOOOOoOOOOoOOoOOoOOOOOoOOOOOOOOOOOOOOO~...IiOOOOOOoOO~..IiOOOOOOOoOOOOOOOOOO¤¤...........................................................................-::::::::¤¤......-:::::::¤¤......................................................................................=....¤¤...............=....¤¤................=....¤¤..................=....¤¤......oOOOOOOO¤¤.=....¤¤.-:::¤¤.........-:::¤¤.....xXXXXXXXXXXX:X¤¤........-::::::::::::::::::::¤¤...-:::::::::::::::::::::::::::::::::::¤¤..-::::::::::::::::::::::::::::::::::::::::::::::::::::::::¤¤..-::::::::::::::::::::::::::::::::::::::::::::::::::::::::::::::::::::::::::¤¤..-::::::::::::::::::::::::::::::::::::::::::::::::::::::::::::::::::||||||||||||-¤¤.-:::::::::::::::::::::::::::::::::::::::::::::::::::::::::::::::::::::::::::::::::::::OOOOOOO|.|=..........|OOOOOOOOOO||.-|-.-.~..I++.....................................................................................................................................................................................................................................................................................................................................................................................................................................................................................</rhythm>
    <!-- <buildup>build_Disappear</buildup>
    <buildupRhythm>+.............I+i+...I+i+..........................I+i+..I+.i+.....................</buildupRhythm> -->
  </song>
</songs>